image_name,pull_count,star_count,categories
memcached,1B+,2449,databases-and-storage
redis,1B+,13567,databases-and-storage
postgres,1B+,14894,databases-and-storage
mysql,1B+,16121,databases-and-storage
mongo,1B+,10723,databases-and-storage
mariadb,1B+,6097,databases-and-storage
registry,1B+,4191,databases-and-storage
influxdb,1B+,2005,data-science;databases-and-storage;internet-of-things
elasticsearch,500M+,6595,databases-and-storage
adminer,100M+,976,databases-and-storage
solr,100M+,1010,databases-and-storage
zookeeper,100M+,1492,databases-and-storage
neo4j,100M+,1379,databases-and-storage
mongo-express,100M+,1530,databases-and-storage
cassandra,100M+,1600,databases-and-storage
percona,100M+,648,databases-and-storage
couchdb,100M+,596,databases-and-storage
couchbase,50M+,930,databases-and-storage
phpmyadmin,50M+,1141,databases-and-storage;developer-tools
rethinkdb,50M+,638,databases-and-storage
grafana/loki,1B+,328,databases-and-storage;integration-and-delivery;monitoring-and-observability
arangodb,10M+,293,databases-and-storage
crate,10M+,229,databases-and-storage
aerospike,10M+,147,databases-and-storage
orientdb,10M+,189,databases-and-storage
cimg/postgres,500M+,9,databases-and-storage;integration-and-delivery;security
localstack/localstack,100M+,345,api-management;databases-and-storage;integration-and-delivery
google/cloud-sdk,100M+,452,data-science;databases-and-storage;integration-and-delivery
amazon/dynamodb-local,100M+,485,databases-and-storage;integration-and-delivery
grafana/mimir,100M+,22,databases-and-storage;integration-and-delivery;monitoring-and-observability
cimg/redis,100M+,2,databases-and-storage;integration-and-delivery
opensearchproject/opensearch,100M+,196,databases-and-storage;machine-learning-and-ai;monitoring-and-observability
redislabs/redis,100M+,46,databases-and-storage;monitoring-and-observability;security
victoriametrics/victoria-metrics,50M+,64,databases-and-storage;monitoring-and-observability
clickhouse,1M+,50,databases-and-storage
bitnamicharts/redis,50M+,37,databases-and-storage;message-queues;monitoring-and-observability
bitnamicharts/postgresql,10M+,5,databases-and-storage;integration-and-delivery;security
hashicorp/vault-csi-provider,10M+,4,databases-and-storage;integration-and-delivery;security
docker/ucp-auth-store,10M+,0,databases-and-storage;security
docker/ucp-etcd,10M+,0,databases-and-storage;security
redis/redis-stack-server,10M+,102,databases-and-storage;monitoring-and-observability;security
ravendb/ravendb,10M+,54,databases-and-storage
victoriametrics/vmstorage,10M+,8,databases-and-storage;monitoring-and-observability
redislabs/redisinsight,10M+,117,databases-and-storage;monitoring-and-observability
mongodb/mongodb-community-server,10M+,185,databases-and-storage;integration-and-delivery
victoriametrics/vmselect,10M+,6,databases-and-storage;monitoring-and-observability
victoriametrics/vminsert,10M+,2,databases-and-storage;monitoring-and-observability
redis/redis-stack,10M+,160,data-science;databases-and-storage;message-queues
semitechnologies/weaviate,10M+,54,databases-and-storage;machine-learning-and-ai
grafana/mimirtool,10M+,0,databases-and-storage;monitoring-and-observability;security
bitnamicharts/thanos,10M+,1,databases-and-storage;monitoring-and-observability
bitnamicharts/mariadb,10M+,0,data-science;databases-and-storage;security
bitnamicharts/minio,10M+,5,data-science;databases-and-storage;machine-learning-and-ai
google/docker-registry,10M+,58,databases-and-storage;integration-and-delivery;security
pingidentity/pingdirectory,10M+,56,databases-and-storage;integration-and-delivery;security
docker/desktop-kubernetes-etcd,10M+,4,databases-and-storage;integration-and-delivery;security
bitnamicharts/mongodb,5M+,2,data-science;databases-and-storage;machine-learning-and-ai
k8ssandra/medusa,5M+,2,databases-and-storage;integration-and-delivery;security
bitnamicharts/mysql,5M+,1,databases-and-storage;integration-and-delivery;security
hashicorp/vault-enterprise,5M+,14,databases-and-storage;integration-and-delivery;security
datastax/dse-server,5M+,44,databases-and-storage
camunda/operate,5M+,9,databases-and-storage;integration-and-delivery;monitoring-and-observability
mongodb/mongodb-atlas-local,5M+,12,databases-and-storage
bitnamicharts/zookeeper,5M+,3,databases-and-storage;monitoring-and-observability;networking
bitnamicharts/memcached,5M+,0,databases-and-storage;monitoring-and-observability;security
bitnamicharts/etcd,5M+,1,databases-and-storage;integration-and-delivery
redislabs/operator-internal,5M+,1,databases-and-storage;integration-and-delivery;monitoring-and-observability
bitnamicharts/valkey,5M+,3,databases-and-storage;monitoring-and-observability
bitnamicharts/elasticsearch,5M+,1,databases-and-storage;integration-and-delivery;monitoring-and-observability
bitnamicharts/harbor,5M+,8,databases-and-storage;integration-and-delivery;security
bitnamicharts/clickhouse,5M+,1,data-science;databases-and-storage;web-analytics
mongodb/mongodb-enterprise-server,5M+,15,databases-and-storage;integration-and-delivery;security
k8ssandra/cass-management-api,5M+,2,api-management;databases-and-storage;integration-and-delivery
bitnamicharts/grafana-loki,5M+,0,databases-and-storage;monitoring-and-observability
bitnamicharts/redis-cluster,1M+,3,databases-and-storage;message-queues;monitoring-and-observability
rancher/storage-secrets,1M+,0,databases-and-storage;integration-and-delivery;security
docker/dtr,1M+,18,databases-and-storage;integration-and-delivery;security
appdynamics/db-agent,1M+,2,databases-and-storage;monitoring-and-observability
redis/redisinsight,1M+,51,databases-and-storage
ravendb/ravendb-nightly,1M+,1,databases-and-storage
k8ssandra/system-logger,1M+,0,databases-and-storage;integration-and-delivery;monitoring-and-observability
k8ssandra/cass-operator,1M+,0,databases-and-storage;integration-and-delivery;monitoring-and-observability
linuxserver/mariadb,100M+,413,databases-and-storage;integration-and-delivery;security
bitnamicharts/postgresql-ha,1M+,1,databases-and-storage;integration-and-delivery;security
mongodb/mongodb-atlas-kubernetes-operator,1M+,5,databases-and-storage;integration-and-delivery;security
pingidentity/pingdatasync,1M+,9,api-management;databases-and-storage;security
google/guestbook-python-redis,1M+,5,databases-and-storage;languages-and-frameworks;integration-and-delivery
postgis/postgis,100M+,294,data-science;databases-and-storage
redislabs/redis-py,1M+,5,databases-and-storage;languages-and-frameworks;integration-and-delivery
redislabs/redismod,1M+,51,databases-and-storage;internet-of-things;machine-learning-and-ai
redislabs/olmtest,1M+,1,databases-and-storage;integration-and-delivery
camunda/connectors-bundle,1M+,0,api-management;databases-and-storage;integration-and-delivery
pingidentity/pingdataconsole,1M+,10,databases-and-storage;monitoring-and-observability;security
k8ssandra/k8ssandra-operator,1M+,2,databases-and-storage;integration-and-delivery;monitoring-and-observability
linuxserver/duplicati,100M+,430,databases-and-storage;security
mongodb/signatures,1M+,1,databases-and-storage;integration-and-delivery;security
victoriametrics/victoria-logs,1M+,7,databases-and-storage;monitoring-and-observability
redislabs/redistimeseries,1M+,14,databases-and-storage;internet-of-things;monitoring-and-observability
valkey/valkey,100M+,126,databases-and-storage
bitnamicharts/odoo,1M+,0,content-management-system;databases-and-storage;integration-and-delivery
bitnamicharts/cassandra,1M+,1,databases-and-storage;internet-of-things
redislabs/memtier_benchmark,1M+,1,databases-and-storage;monitoring-and-observability
mongodb/apix_test,1M+,0,databases-and-storage;integration-and-delivery
bitnamicharts/phpmyadmin,1M+,0,databases-and-storage;developer-tools
bitnamicharts/influxdb,1M+,0,databases-and-storage;internet-of-things;monitoring-and-observability
bitnamicharts/milvus,1M+,1,data-science;databases-and-storage;machine-learning-and-ai
ubuntu/mysql,1M+,74,databases-and-storage
bitnamicharts/mariadb-galera,1M+,1,databases-and-storage;integration-and-delivery;security
longhornio/longhorn-manager,100M+,4,databases-and-storage
bitnamicharts/valkey-cluster,500K+,0,databases-and-storage;monitoring-and-observability
bitnamicharts/appsmith,500K+,2,content-management-system;databases-and-storage;integration-and-delivery
bitnamicharts/keydb,500K+,1,databases-and-storage
bitnamicharts/solr,500K+,0,content-management-system;data-science;databases-and-storage
ubuntu/postgres,500K+,44,databases-and-storage
google/alloydbomni,500K+,11,databases-and-storage
bitnamicharts/opensearch,500K+,1,data-science;databases-and-storage;machine-learning-and-ai
bitnamicharts/seaweedfs,500K+,0,data-science;databases-and-storage;machine-learning-and-ai
apache/couchdb,50M+,27,data-science;databases-and-storage
k8ssandra/k8ssandra-client,500K+,0,databases-and-storage;integration-and-delivery;monitoring-and-observability
bitnamicharts/nessie,500K+,0,data-science;databases-and-storage
intel/pmem-csi-driver,500K+,0,data-science;databases-and-storage;machine-learning-and-ai
bitnamicharts/grafana-mimir,500K+,0,databases-and-storage;monitoring-and-observability
bitnamicharts/mongodb-sharded,500K+,0,databases-and-storage;internet-of-things;security
netboxcommunity/netbox,50M+,217,databases-and-storage;monitoring-and-observability;networking
linuxserver/calibre,50M+,361,content-management-system;databases-and-storage
linuxserver/beets,50M+,161,content-management-system;databases-and-storage
kasmweb/postgres,500K+,6,data-science;databases-and-storage;security
mongodb/atlas,500K+,12,databases-and-storage;integration-and-delivery;security
dynatrace/easytravel-mongodb,500K+,6,databases-and-storage;integration-and-delivery;monitoring-and-observability
bitnamicharts/spark,500K+,0,data-science;databases-and-storage;machine-learning-and-ai
redislabs/ng-redis-raft,500K+,0,databases-and-storage;integration-and-delivery;message-queues
longhornio/longhorn-engine,10M+,1,databases-and-storage
bitnamicharts/dremio,100K+,1,data-science;databases-and-storage
ubuntu/redis,100K+,25,databases-and-storage
redislabs/redis-webcli,100K+,5,databases-and-storage;security;web-servers
mongodb/mongodb-mcp-server,100K+,3,databases-and-storage;machine-learning-and-ai;developer-tools
linuxserver/prowlarr,10M+,400,databases-and-storage;integration-and-delivery;networking
longhornio/longhorn-instance-manager,10M+,2,databases-and-storage
databack/mysql-backup,10M+,129,databases-and-storage;integration-and-delivery;security
pingidentity/ldap-sdk-tools,100K+,6,databases-and-storage;networking;security
k8ssandra/k8ssandra-tools,100K+,0,databases-and-storage;integration-and-delivery;monitoring-and-observability
intel/pmem-csi-driver-test,100K+,0,databases-and-storage;integration-and-delivery
apache/solr-operator,10M+,3,databases-and-storage;integration-and-delivery;monitoring-and-observability
docker/v1.10-migrator,100K+,8,databases-and-storage;integration-and-delivery;operating-systems
treehouses/couchdb,10M+,22,databases-and-storage;integration-and-delivery;security
bitnamicharts/janusgraph,100K+,0,databases-and-storage
elestio/pgadmin,100K+,41,databases-and-storage;integration-and-delivery;security
bitnamicharts/cloudnative-pg,100K+,0,databases-and-storage
bitnamicharts/clickhouse-operator,100K+,0,data-science;databases-and-storage;web-analytics
bitnamicharts/scylladb,100K+,0,data-science;databases-and-storage;machine-learning-and-ai
longhornio/longhorn-ui,10M+,1,databases-and-storage
bitnamicharts/neo4j,100K+,0,databases-and-storage
linuxserver/snipe-it,10M+,98,databases-and-storage;integration-and-delivery;security
longhornio/csi-node-driver-registrar,10M+,1,databases-and-storage
bitnamicharts/minio-operator,100K+,0,data-science;databases-and-storage;machine-learning-and-ai
k8ssandra/reaper-operator,100K+,2,databases-and-storage;integration-and-delivery;monitoring-and-observability
journeyapps/powersync-service,100K+,9,databases-and-storage;developer-tools
ipfs/kubo,10M+,50,databases-and-storage;web-servers;developer-tools
hashicorp/vault-enterprise-fips,100K+,0,databases-and-storage;integration-and-delivery;security
longhornio/csi-attacher,10M+,0,databases-and-storage
longhornio/csi-resizer,10M+,0,databases-and-storage
longhornio/csi-provisioner,10M+,0,databases-and-storage
kasmweb/core-oracle-9,100K+,2,databases-and-storage
redislabs/redisgears,100K+,4,databases-and-storage;internet-of-things;machine-learning-and-ai
bitnamicharts/victoriametrics,100K+,0,databases-and-storage;monitoring-and-observability
apache/nifi-registry,10M+,42,databases-and-storage;integration-and-delivery
itzg/mc-backup,10M+,48,databases-and-storage;integration-and-delivery
vitess/lite,10M+,52,databases-and-storage;integration-and-delivery
longhornio/csi-snapshotter,10M+,0,databases-and-storage
owntracks/recorder,10M+,23,api-management;databases-and-storage;internet-of-things
k8ssandra/medusa-operator,100K+,2,databases-and-storage;integration-and-delivery;monitoring-and-observability
bitnamicharts/kube-arangodb,100K+,0,databases-and-storage
vitess/vttestserver,10M+,1,databases-and-storage;integration-and-delivery
kindest/local-path-provisioner,10M+,0,databases-and-storage
longhornio/longhorn-share-manager,10M+,0,databases-and-storage
elestio/postgres,100K+,2,databases-and-storage;security
redislabs/rcp-kubectl,100K+,1,databases-and-storage;integration-and-delivery;networking
google/mysql,100K+,26,databases-and-storage;integration-and-delivery;security
lancachenet/monolithic,5M+,118,databases-and-storage;monitoring-and-observability;networking
longhornio/livenessprobe,5M+,0,databases-and-storage
pgautoupgrade/pgautoupgrade,5M+,32,databases-and-storage
gospatial/tegola,5M+,11,data-science;databases-and-storage;web-servers
siscc/dotstatsuite-dbup,5M+,0,data-science;databases-and-storage;integration-and-delivery
valkey/valkey-bundle,5M+,7,databases-and-storage
victoriametrics/victoria-traces,100K+,1,databases-and-storage;monitoring-and-observability
apache/druid,5M+,59,data-science;databases-and-storage;internet-of-things
dockette/adminer,5M+,30,databases-and-storage;integration-and-delivery;web-servers
ubuntu/memcached,100K+,7,databases-and-storage
linuxserver/diskover,5M+,66,data-science;databases-and-storage;monitoring-and-observability
mongodb/mongodb-atlas-kubernetes-operator-prerelease,100K+,0,databases-and-storage;integration-and-delivery;monitoring-and-observability
google/apigee-cassandra-backup-utility,100K+,0,api-management;databases-and-storage;security
itzg/apacheds,5M+,2,databases-and-storage;integration-and-delivery;security
kindest/local-path-helper,1M+,0,databases-and-storage;integration-and-delivery
dtagdevsec/elasticsearch,1M+,4,databases-and-storage;security
jaegertracing/jaeger,1M+,10,databases-and-storage;monitoring-and-observability
cbioportal/session-service,1M+,0,api-management;data-science;databases-and-storage
elestio/mysql,50K+,4,data-science;databases-and-storage;security
opendatacube/explorer,1M+,1,data-science;databases-and-storage;web-servers
apache/cassandra-testing-ubuntu2004-java11,1M+,2,databases-and-storage;integration-and-delivery;operating-systems
apache/cassandra-testing-ubuntu2004-java11-w-dependencies,1M+,1,databases-and-storage;integration-and-delivery;operating-systems
docker/for-desktop-kernel-grpcfuse,50K+,3,databases-and-storage;integration-and-delivery;operating-systems
openidentityplatform/opendj,1M+,22,api-management;databases-and-storage;security
deltaio/delta-sharing-server,1M+,7,data-science;databases-and-storage;security
dockurr/samba,1M+,94,databases-and-storage;networking;security
apache/superset-cache,1M+,2,data-science;databases-and-storage;monitoring-and-observability
elestio/redis,50K+,1,databases-and-storage;message-queues
intel/intel-fpga-plugin,50K+,0,databases-and-storage;integration-and-delivery;machine-learning-and-ai
onlyoffice/elasticsearch,50K+,2,databases-and-storage;integration-and-delivery;security
sitespeedio/graphite,1M+,78,databases-and-storage;monitoring-and-observability
apache/kvrocks,1M+,3,databases-and-storage;message-queues
edirom/project.zenmem.de,1M+,0,content-management-system;databases-and-storage;web-servers
rustfs/rustfs,1M+,37,databases-and-storage;networking
localstack/snowflake,50K+,2,databases-and-storage;machine-learning-and-ai;developer-tools
schemahero/schemahero,1M+,0,databases-and-storage
opendatacube/datacube-index,1M+,1,data-science;databases-and-storage
dtagdevsec/redis,1M+,0,databases-and-storage;message-queues;security
cyclos/cyclos,1M+,12,databases-and-storage;integration-and-delivery;security
dynatrace/easytravel-mongodb-content-creator,50K+,0,databases-and-storage;monitoring-and-observability
elestio/minio,50K+,10,databases-and-storage;integration-and-delivery;security
ddev/ddev-utilities,1M+,0,databases-and-storage;languages-and-frameworks;integration-and-delivery
vitess/vtctld,1M+,1,databases-and-storage;integration-and-delivery;monitoring-and-observability
elestio/directus,50K+,2,api-management;content-management-system;databases-and-storage
redislabs/gesher,10K+,0,databases-and-storage;integration-and-delivery;security
apache/ozone-runner,1M+,0,databases-and-storage;integration-and-delivery
mongodb/mongo-cxx-driver,10K+,2,databases-and-storage;languages-and-frameworks;integration-and-delivery
docksal/cli,1M+,8,databases-and-storage;languages-and-frameworks;integration-and-delivery
cleanstart/openldap,10K+,0,databases-and-storage
cleanstart/pgbouncer,10K+,1,databases-and-storage
linuxserver/phpmyadmin,1M+,26,databases-and-storage;web-servers
ckan/ckan-solr,1M+,0,content-management-system;databases-and-storage
apache/ozone,1M+,8,data-science;databases-and-storage;machine-learning-and-ai
elestio/nextcloud,10K+,6,content-management-system;databases-and-storage;security
rucio/rucio-daemons,1M+,1,data-science;databases-and-storage;integration-and-delivery
elestio/mariadb,10K+,2,databases-and-storage
vitess/vtctl,1M+,0,databases-and-storage;integration-and-delivery;monitoring-and-observability
dspace/dspace-postgres-pgcrypto,1M+,6,databases-and-storage;security
pgrouting/pgrouting,1M+,16,data-science;databases-and-storage;integration-and-delivery
longhornio/backing-image-manager,1M+,0,databases-and-storage
vitess/base,1M+,11,databases-and-storage;integration-and-delivery
apache/doris,1M+,48,data-science;databases-and-storage;internet-of-things
apache/drill,1M+,8,data-science;databases-and-storage
elestio/phpmyadmin,10K+,0,databases-and-storage;security
vitess/vtgate,1M+,2,databases-and-storage;integration-and-delivery
istio/examples-bookinfo-ratings-v2,1M+,0,databases-and-storage;integration-and-delivery;monitoring-and-observability
drupalci/mysql-5.5,1M+,3,content-management-system;databases-and-storage;integration-and-delivery
apache/kudu,1M+,13,data-science;databases-and-storage;machine-learning-and-ai
secoresearch/fuseki,1M+,14,data-science;databases-and-storage;web-analytics
elestio/kbin,10K+,1,databases-and-storage;machine-learning-and-ai;security
cleanstart/postgres,10K+,0,databases-and-storage
elestio/baserow-allinone,10K+,1,content-management-system;databases-and-storage
vitess/vtctlclient,500K+,2,databases-and-storage;integration-and-delivery;monitoring-and-observability
redis/rdi-collector-initializer,10K+,0,databases-and-storage;integration-and-delivery;developer-tools
apache/hadoop,500K+,130,data-science;databases-and-storage;integration-and-delivery
atlassian/dynamodb-elasticsearch-indexer,10K+,1,databases-and-storage;integration-and-delivery;monitoring-and-observability
longhornio/support-bundle-kit,500K+,0,databases-and-storage
corpusops/dbsmartbackup,500K+,0,databases-and-storage;integration-and-delivery;security
dockurr/portainer-backup,500K+,6,databases-and-storage;monitoring-and-observability
dragonflyoss/client,500K+,1,databases-and-storage
ckan/ckan-base-datapusher,500K+,0,databases-and-storage
apache/hive,500K+,40,data-science;databases-and-storage;machine-learning-and-ai
vitess/bootstrap,500K+,0,databases-and-storage
itzg/elasticsearch,500K+,72,databases-and-storage;monitoring-and-observability;web-analytics
cleanstart/cortex,10K+,0,databases-and-storage
rucio/rucio-server,500K+,3,data-science;databases-and-storage;monitoring-and-observability
istio/examples-bookinfo-mongodb,500K+,0,databases-and-storage;integration-and-delivery;monitoring-and-observability
drupalci/mysql-5.7,500K+,0,content-management-system;databases-and-storage;integration-and-delivery
apache/pegasus,500K+,4,databases-and-storage;integration-and-delivery;internet-of-things
koxudaxi/local-data-api,500K+,0,api-management;databases-and-storage;integration-and-delivery
google/apigee-cassandra-client,10K+,0,api-management;databases-and-storage
ddev/ddev-dbserver-mysql-5.7,500K+,1,databases-and-storage;integration-and-delivery;security
edirom/hoftheater-edirom,500K+,0,content-management-system;databases-and-storage;languages-and-frameworks
sslhep/servicex-transformer,500K+,0,data-science;databases-and-storage;integration-and-delivery
apache/bookkeeper,500K+,5,databases-and-storage;integration-and-delivery
sslhep/servicex-did-finder,500K+,0,data-science;databases-and-storage;integration-and-delivery
docker/artifactory-agent,10K+,6,databases-and-storage;integration-and-delivery;security
longhornio/longhorn-manager-test,500K+,0,databases-and-storage
longhornio/longhorn-test,500K+,0,databases-and-storage
vulhub/solr,500K+,2,databases-and-storage;security
onlyoffice/opensearch,10K+,0,data-science;databases-and-storage;monitoring-and-observability
linuxserver/sqlitebrowser,500K+,46,data-science;databases-and-storage;languages-and-frameworks
ubuntu/mimir,10K+,0,databases-and-storage
edirom/mermeid,500K+,0,content-management-system;databases-and-storage;web-servers
elestio/odoo,10K+,4,content-management-system;databases-and-storage;integration-and-delivery
istio/examples-bookinfo-mysqldb,100K+,0,databases-and-storage;integration-and-delivery
ualbertalib/docker-fcrepo4,100K+,1,content-management-system;databases-and-storage;integration-and-delivery
ddev/ddev-dbserver-mysql-8.0,100K+,0,databases-and-storage;languages-and-frameworks;integration-and-delivery
intel/qat-crypto-base,10K+,1,databases-and-storage;networking;security
gluufederation/opendj,100K+,4,databases-and-storage;monitoring-and-observability;security
apache/iotdb,100K+,12,databases-and-storage;internet-of-things;monitoring-and-observability
elestio/strapi-mysql-development,10K+,0,content-management-system;databases-and-storage;integration-and-delivery
rancher/confd,10K+,1,databases-and-storage;integration-and-delivery;networking
linuxserver/kavita,100K+,39,content-management-system;databases-and-storage;web-servers
farmos/farmos,100K+,23,content-management-system;databases-and-storage
archivebox/sonic,100K+,2,databases-and-storage
elestio/bytebase,10K+,1,databases-and-storage;integration-and-delivery;security
intel/intel-optimized-clickhouse,10K+,0,data-science;databases-and-storage;internet-of-things
elestio/bigcapital-mariadb,10K+,0,databases-and-storage;integration-and-delivery;security
docksal/ci-agent,100K+,0,databases-and-storage;integration-and-delivery;networking
drupalci/mysql-8,100K+,0,content-management-system;databases-and-storage;integration-and-delivery
elestio/strapi-mysql-production,10K+,1,api-management;content-management-system;databases-and-storage
elestio/bigcapital-redis,10K+,0,databases-and-storage;message-queues;security
vitess/pmm-client,100K+,2,databases-and-storage;monitoring-and-observability;security
redislabs/redisml,10K+,3,databases-and-storage;internet-of-things;machine-learning-and-ai
k8ssandra/create-keyspace,10K+,0,databases-and-storage;languages-and-frameworks;integration-and-delivery
edirom/nfdi-website,100K+,0,content-management-system;databases-and-storage;web-servers
cleanstart/mysql,10K+,0,databases-and-storage
docksal/mysql,100K+,0,databases-and-storage;integration-and-delivery;security
apache/hop,100K+,20,data-science;databases-and-storage;integration-and-delivery
eclipse/rdf4j-workbench,100K+,10,data-science;databases-and-storage;machine-learning-and-ai
vitess/vtadmin,100K+,0,databases-and-storage;integration-and-delivery;monitoring-and-observability
cleanstart/mongodb,10K+,0,databases-and-storage
vitess/vttablet,100K+,1,databases-and-storage;integration-and-delivery
tryton/tryton,100K+,52,databases-and-storage;languages-and-frameworks;integration-and-delivery
vdsm/virtual-dsm,100K+,99,databases-and-storage;operating-systems;web-servers
specifyconsortium/specify7-service,100K+,0,content-management-system;databases-and-storage;web-servers
dragonflyoss/scheduler,100K+,1,databases-and-storage
k8ssandra/cass-operator-bundle,10K+,0,databases-and-storage;integration-and-delivery;monitoring-and-observability
elestio/bigcapital-migration,10K+,0,databases-and-storage;integration-and-delivery;security
cleanstart/redis,10K+,0,databases-and-storage
apache/shardingsphere-proxy,100K+,19,databases-and-storage;integration-and-delivery;security
grafana/cloudsql-proxy,10K+,1,databases-and-storage;monitoring-and-observability;security
dragonflyoss/manager,100K+,3,databases-and-storage
apache/impala,100K+,5,data-science;databases-and-storage;integration-and-delivery
elestio/bigcapital-mongo,10K+,0,data-science;databases-and-storage;security
dragonflyoss/dfinit,100K+,0,databases-and-storage
rucio/rucio-ui,100K+,0,data-science;databases-and-storage;security
dumbwareio/dumbdrop,100K+,2,databases-and-storage
intel/model-registry,10K+,0,databases-and-storage;machine-learning-and-ai
eclipse/ditto-things-search,100K+,2,databases-and-storage;internet-of-things;security
atlassian/stash-data,10K+,5,databases-and-storage;integration-and-delivery;security
cleanstart/valkey,10K+,0,databases-and-storage
corpusops/elasticsearch,100K+,0,data-science;databases-and-storage;machine-learning-and-ai
vitess/mysqlctld,100K+,1,databases-and-storage;integration-and-delivery;monitoring-and-observability
elestio/solr,10K+,0,content-management-system;databases-and-storage;web-servers
elestio/parse-dashboard,10K+,2,content-management-system;databases-and-storage;monitoring-and-observability
visualregressiontracker/migration,100K+,0,databases-and-storage;integration-and-delivery
elestio/cells,10K+,0,content-management-system;databases-and-storage;security
longhornio/longhorn-cli,100K+,0,databases-and-storage
corpusops/postgres,100K+,0,databases-and-storage;monitoring-and-observability;security
corpusops/postgis,100K+,5,data-science;databases-and-storage
datastax/astra-assistants,10K+,0,databases-and-storage;languages-and-frameworks;machine-learning-and-ai
vitess/logtail,100K+,0,databases-and-storage;monitoring-and-observability
k8ssandra/k8ssandra-cleaner,10K+,0,databases-and-storage;integration-and-delivery;monitoring-and-observability
elestio/baserow-backend,10K+,1,api-management;databases-and-storage;integration-and-delivery
gollumwiki/gollum,100K+,8,content-management-system;databases-and-storage
elestio/zinc,10K+,1,databases-and-storage;integration-and-delivery
vitess/logrotate,100K+,0,databases-and-storage;monitoring-and-observability;operating-systems
elestio/baserow-frontend,10K+,2,content-management-system;databases-and-storage
redislabs/rgcluster,10K+,1,databases-and-storage;machine-learning-and-ai;monitoring-and-observability
linuxserver/rsnapshot,100K+,41,databases-and-storage;integration-and-delivery;security
wikibase/quickstatements,100K+,1,data-science;databases-and-storage;integration-and-delivery
gchq/hdfs,100K+,4,data-science;databases-and-storage;security
pecan/bety,100K+,1,data-science;databases-and-storage;integration-and-delivery
wikibase/wikibase,100K+,12,content-management-system;data-science;databases-and-storage
smartonfhir/hapi,100K+,8,api-management;databases-and-storage;security
apache/cassandra-bullseye-build,100K+,0,databases-and-storage;integration-and-delivery;operating-systems
ckan/ckan-postgres-dev,100K+,0,content-management-system;databases-and-storage
wikibase/wdqs,100K+,3,data-science;databases-and-storage;web-analytics
mathesar/mathesar,100K+,2,data-science;databases-and-storage
redislabs/redis-connect-postgres,9.3K,0,databases-and-storage;integration-and-delivery;monitoring-and-observability
corpusops/pgrouting,100K+,0,data-science;databases-and-storage
crossplane/stack-aws,100K+,1,databases-and-storage;integration-and-delivery;security
rucio/rucio-clients,100K+,1,data-science;databases-and-storage
longhornio/openshift-origin-oauth-proxy,100K+,0,databases-and-storage
botsudo/phpmyadmin-snapshots,100K+,0,databases-and-storage;web-servers
corpusops/redis,100K+,1,databases-and-storage;message-queues;monitoring-and-observability
postgis/postgis-build-env,100K+,9,data-science;databases-and-storage
shinsenter/phpmyadmin,100K+,3,databases-and-storage;web-servers;developer-tools
islandora/fcrepo6,100K+,0,content-management-system;databases-and-storage;security
dspace/dspace-solr,100K+,1,content-management-system;databases-and-storage;web-servers
docksal/solr,100K+,0,content-management-system;databases-and-storage
corpusops/mongo,100K+,0,databases-and-storage;integration-and-delivery;security
islandora/solr,100K+,0,content-management-system;databases-and-storage;security
islandora/milliner,100K+,0,content-management-system;databases-and-storage;integration-and-delivery
antrea/theia-clickhouse-monitor,100K+,0,databases-and-storage;integration-and-delivery;monitoring-and-observability
islandora/blazegraph,100K+,0,content-management-system;databases-and-storage;integration-and-delivery
k8ssandra/cass-operator-catalog,7.4K,0,databases-and-storage;integration-and-delivery;monitoring-and-observability
longhornio/upgrade-responder,100K+,0,databases-and-storage
admidio/admidio,100K+,6,content-management-system;databases-and-storage
corpusops/postgis-bare,100K+,0,data-science;databases-and-storage
apache/causeway-app-demo-jpa,100K+,0,databases-and-storage;languages-and-frameworks
drupalci/pgsql-9.1,100K+,0,content-management-system;databases-and-storage;integration-and-delivery
vulhub/minio,100K+,0,databases-and-storage;security
apache/kyuubi,100K+,3,data-science;databases-and-storage;integration-and-delivery
vitess/k8s,100K+,1,databases-and-storage;monitoring-and-observability
islandora/mariadb,100K+,0,content-management-system;databases-and-storage;security
antrea/theia-clickhouse-server,100K+,0,databases-and-storage;integration-and-delivery;monitoring-and-observability
pgxn/pgxn-tools,100K+,2,databases-and-storage;languages-and-frameworks;integration-and-delivery
docksal/mariadb,100K+,0,databases-and-storage;integration-and-delivery
lintoai/linto-platform-mongodb-migration,100K+,0,databases-and-storage;languages-and-frameworks;integration-and-delivery
openmrs/openmrs-reference-application-3-backend,100K+,3,databases-and-storage;integration-and-delivery;security
firebirdsql/firebird,100K+,20,databases-and-storage;developer-tools
ckan/ckan-base,100K+,6,data-science;databases-and-storage
cleanstart/etcd,6.3K,0,databases-and-storage;integration-and-delivery
docksal/db,100K+,1,databases-and-storage
intel/intel-optimized-mysql,6.2K,1,data-science;databases-and-storage;security
intel/intel-optimized-cassandra,6.0K,1,data-science;databases-and-storage;internet-of-things
hashicorp/postgres-nomad-demo,6.0K,0,databases-and-storage;integration-and-delivery
apache/causeway-app-demo-jdo,100K+,1,databases-and-storage;languages-and-frameworks
ckan/ckan-dev,100K+,0,data-science;databases-and-storage
islandora/base,100K+,2,content-management-system;databases-and-storage;web-servers
starlingx/stx-mariadb,100K+,0,databases-and-storage;internet-of-things;security
treehouses/rpi-couchdb,100K+,13,databases-and-storage;integration-and-delivery;internet-of-things
blockstack/gaia-admin,100K+,0,databases-and-storage;integration-and-delivery;security
apachepulsar/s3mock,100K+,1,databases-and-storage;integration-and-delivery
blockstack/gaia-reader,50K+,0,databases-and-storage;security
apache/seata-server,50K+,9,databases-and-storage;integration-and-delivery;monitoring-and-observability
gchq/gaffer,50K+,2,data-science;databases-and-storage;security
divax/divachain,50K+,1,databases-and-storage;languages-and-frameworks;security
apache/couchdbci-debian,50K+,0,databases-and-storage;integration-and-delivery
phpldapadmin/phpldapadmin,50K+,3,databases-and-storage
islandora/postgresql,50K+,0,content-management-system;databases-and-storage;security
apache/cassandra-ubuntu2004_test,50K+,0,databases-and-storage;operating-systems
longhornio/nfs-ganesha,50K+,0,databases-and-storage
eclipse/mysql,50K+,3,databases-and-storage;integration-and-delivery
itzg/cassandra,50K+,2,databases-and-storage;internet-of-things;monitoring-and-observability
vitess/vtexplain,50K+,0,databases-and-storage;integration-and-delivery;monitoring-and-observability
itzg/titan-gremlin,50K+,9,data-science;databases-and-storage
gchq/gaffer-rest,50K+,0,data-science;databases-and-storage;security
vitess/mysqlctl,50K+,0,databases-and-storage
wikibase/wikibase-bundle,50K+,3,content-management-system;data-science;databases-and-storage
starlingx/stx-glance,50K+,0,databases-and-storage;integration-and-delivery;internet-of-things
vitess/vtorc,50K+,0,databases-and-storage;monitoring-and-observability
vitess/vtbackup,50K+,0,databases-and-storage
itzg/elasticsearch-curator,50K+,2,databases-and-storage;monitoring-and-observability
redislabs/redisedge,4.7K,2,databases-and-storage;internet-of-things;machine-learning-and-ai
siscc/dotstatsuite-data-lifecycle-manager,50K+,3,data-science;databases-and-storage;security
islandora/handle,50K+,0,content-management-system;databases-and-storage
azbuilder/open-registry,50K+,0,databases-and-storage;integration-and-delivery;security
jetbrains/upsource-cassandra,4.5K,3,databases-and-storage;integration-and-delivery
corpusops/pgrouting-bare,50K+,0,data-science;databases-and-storage
rucio/rucio-dev,50K+,1,databases-and-storage;integration-and-delivery
starlingx/stx-cinder,50K+,0,databases-and-storage;integration-and-delivery;internet-of-things
dockette/postgres,50K+,1,databases-and-storage
corpusops/minio,50K+,0,databases-and-storage;machine-learning-and-ai;security
ubuntu/valkey,4.3K,1,databases-and-storage;message-queues
google/apigee-redis,4.3K,1,api-management;databases-and-storage;monitoring-and-observability
google/apigee-cassandra,4.3K,0,api-management;databases-and-storage;internet-of-things
linuxserver/budge,50K+,12,databases-and-storage;integration-and-delivery;operating-systems
foodcoops/foodsoft,50K+,4,content-management-system;databases-and-storage;web-servers
redislabs/vault-ca,4.0K,0,databases-and-storage;integration-and-delivery;security
treehouses/moodle,50K+,14,content-management-system;databases-and-storage;integration-and-delivery
antrea/metrics-exporter,50K+,0,databases-and-storage;integration-and-delivery;monitoring-and-observability
antrea/clickhouse-operator,50K+,0,databases-and-storage;integration-and-delivery;monitoring-and-observability
openwhisk/cloudantprovider,50K+,2,databases-and-storage;integration-and-delivery;internet-of-things
vulhub/elasticsearch,50K+,1,databases-and-storage;security
dockette/nexus,50K+,9,databases-and-storage;integration-and-delivery
securecodebox/hook-persistence-elastic,50K+,0,databases-and-storage;monitoring-and-observability;security
specterops/bloodhound-neo4j,3.7K,11,databases-and-storage;security
cleanstart/solr,3.6K,0,databases-and-storage
hugegraph/hubble,50K+,1,data-science;databases-and-storage;monitoring-and-observability
apache/skywalking-banyandb-helm,50K+,1,databases-and-storage;integration-and-delivery;monitoring-and-observability
corpusops/mariadb,50K+,0,databases-and-storage;integration-and-delivery;security
redislabs/prometheus-redistimeseries-adapter,3.6K,2,databases-and-storage;integration-and-delivery;monitoring-and-observability
apache/hadoop-runner,50K+,10,data-science;databases-and-storage;machine-learning-and-ai
vulhub/redis,50K+,0,databases-and-storage;security
starlingx/stx-ceph-manager,50K+,0,databases-and-storage;integration-and-delivery;security
vulhub/postgres,50K+,1,databases-and-storage;security
apache/incubator-druid,10K+,11,data-science;databases-and-storage;integration-and-delivery
drupalci/mariadb-10.3.22,10K+,0,content-management-system;databases-and-storage;integration-and-delivery
ohdsi/broadsea-atlasdb,10K+,0,databases-and-storage;security
camunda/zeebe-with-hazelcast-exporter,3.3K,0,databases-and-storage;integration-and-delivery;monitoring-and-observability
gchq/gaffer-ui,10K+,1,data-science;databases-and-storage;integration-and-delivery
starlingx/stx-gnocchi,10K+,0,databases-and-storage;internet-of-things;monitoring-and-observability
specifyconsortium/specify6-service,10K+,0,content-management-system;databases-and-storage
onlyoffice/s3_file_downloader,3.3K,0,databases-and-storage;integration-and-delivery;monitoring-and-observability
antrea/clickhouse-server,10K+,4,databases-and-storage;integration-and-delivery;monitoring-and-observability
flowgunso/seafile-client,10K+,13,databases-and-storage
datajoint/mysql,10K+,2,data-science;databases-and-storage
hugegraph/hugegraph,10K+,5,data-science;databases-and-storage;machine-learning-and-ai
apache/couchdbci-ubuntu,10K+,0,databases-and-storage;integration-and-delivery;operating-systems
specifyconsortium/report-runner,10K+,0,data-science;databases-and-storage;integration-and-delivery
corpusops/mysql,10K+,0,databases-and-storage;integration-and-delivery;security
starlingx/stx-panko,10K+,0,databases-and-storage;monitoring-and-observability;security
crossplane/stack-gcp,10K+,1,databases-and-storage;integration-and-delivery;networking
dobtc/bitcoin,10K+,5,databases-and-storage;networking;security
apache/marmotta,10K+,7,data-science;databases-and-storage;web-servers
starlingx/stx-aptly,10K+,1,databases-and-storage;integration-and-delivery
appdynamics/appdynamics-cloud-db-collector,2.9K,0,databases-and-storage;integration-and-delivery;monitoring-and-observability
apache/couchdbci-centos,10K+,0,databases-and-storage;integration-and-delivery;operating-systems
vulhub/phpmyadmin,10K+,1,databases-and-storage;languages-and-frameworks;security
apache/skywalking-banyandb,10K+,1,databases-and-storage;monitoring-and-observability;web-analytics
ilios/mysql,10K+,1,databases-and-storage;integration-and-delivery
ilios/mysql-demo,10K+,1,databases-and-storage;integration-and-delivery
drevops/mariadb-drupal-data-test,10K+,0,content-management-system;databases-and-storage;integration-and-delivery
foodcoops/sharedlists,10K+,0,api-management;databases-and-storage;languages-and-frameworks
solarwinds/prometheus2appoptics,2.6K,0,databases-and-storage;monitoring-and-observability
eclipsefdn/php-mysql,10K+,1,databases-and-storage;languages-and-frameworks;integration-and-delivery
vulhub/mysql,10K+,1,databases-and-storage;security
starlingx/stx-vault-manager,10K+,0,databases-and-storage;internet-of-things;security
geokrety/website,10K+,1,databases-and-storage;security;web-servers
wikibase/elasticsearch,10K+,1,data-science;databases-and-storage;web-analytics
vulhub/oracle,10K+,0,databases-and-storage;integration-and-delivery;security
vmware/cascade,2.4K,0,databases-and-storage;languages-and-frameworks;integration-and-delivery
mathesar/mathesar-prod,10K+,1,data-science;databases-and-storage
vulhub/couchdb,10K+,0,databases-and-storage;security
blockstack/bitcoind,10K+,0,data-science;databases-and-storage
apache/calcite-avatica,10K+,2,databases-and-storage;integration-and-delivery;security
botsudo/docker-openldap,10K+,1,databases-and-storage;networking;security
ddev/ddev-dbserver-mariadb-10.8,10K+,0,databases-and-storage;languages-and-frameworks;integration-and-delivery
antrea/confluentinc-zookeeper,10K+,0,databases-and-storage;integration-and-delivery;monitoring-and-observability
deltaio/delta-docker,10K+,26,data-science;databases-and-storage;machine-learning-and-ai
antrea/theia-clickhouse-operator,10K+,0,databases-and-storage;integration-and-delivery;monitoring-and-observability
antrea/theia-metrics-exporter,10K+,0,databases-and-storage;integration-and-delivery;monitoring-and-observability
intel/rpbs_gpu_telegraf,2.2K,0,databases-and-storage;integration-and-delivery;monitoring-and-observability
vulhub/xxl-job,10K+,3,databases-and-storage;integration-and-delivery;monitoring-and-observability
drupalci/mysql-5.6,10K+,0,content-management-system;databases-and-storage;integration-and-delivery
ddev/mysql,10K+,2,databases-and-storage;integration-and-delivery;security
vulhub/apache-druid,10K+,0,data-science;databases-and-storage;security
drupalci/pgsql-14.1,10K+,0,content-management-system;databases-and-storage;integration-and-delivery
longhornio/longhorn-e2e-test,10K+,0,databases-and-storage
onlyoffice/sinatra-post-to-redis,2.0K,0,databases-and-storage;languages-and-frameworks;internet-of-things
partdborg/part-db,10K+,1,databases-and-storage;web-servers
vulhub/hadoop,10K+,1,databases-and-storage;security
vulhub/opentsdb,10K+,0,data-science;databases-and-storage;security
dtcenter/metviewer,10K+,0,data-science;databases-and-storage;web-servers
elestio/dremio,1.9K,1,data-science;databases-and-storage;machine-learning-and-ai
islandora/fcrepo,10K+,0,api-management;content-management-system;databases-and-storage
unillett/dilps-tiresias,10K+,0,content-management-system;databases-and-storage;security
lfenergy/compas-cim-mapping,10K+,0,data-science;databases-and-storage;integration-and-delivery
eclipse/ubuntu_rails,10K+,1,databases-and-storage;languages-and-frameworks;operating-systems
ddev/ddev-dbserver-mysql-5.6,10K+,0,databases-and-storage;integration-and-delivery;security
corpusops/bitwardenrs-server,10K+,0,databases-and-storage;security
voxpupuli/puppetdb,10K+,0,databases-and-storage;integration-and-delivery;monitoring-and-observability
drevops/mariadb-drupal-data,10K+,0,content-management-system;databases-and-storage;integration-and-delivery
starlingx/ceph-config-helper,10K+,0,databases-and-storage;integration-and-delivery;operating-systems
islandora/download,10K+,0,content-management-system;databases-and-storage;web-servers
ddev/ddev-dbserver-mysql-5.5,10K+,0,databases-and-storage;integration-and-delivery
smartonfhir/smart-launcher,10K+,2,databases-and-storage;integration-and-delivery;security
geokrety/postgres,10K+,0,data-science;databases-and-storage;security
jhipster/jhipster-sample-app,10K+,4,databases-and-storage;languages-and-frameworks;integration-and-delivery
dockurr/strfry,10K+,4,databases-and-storage;networking;web-servers
vulhub/geoserver,10K+,0,data-science;databases-and-storage;web-servers
nicxx2/fireflyiii-quickstart,10K+,2,content-management-system;data-science;databases-and-storage
rucio/rucio-init,10K+,0,data-science;databases-and-storage;integration-and-delivery
corpusops/dejavu,10K+,1,databases-and-storage;monitoring-and-observability;web-analytics
corpusops/memcached,10K+,0,databases-and-storage;web-servers
vulhub/spring-with-h2database,10K+,0,databases-and-storage;languages-and-frameworks
redislabs/redis-connect-sqlserver,1.6K,0,databases-and-storage;integration-and-delivery
cybertaxonomy/cdm-server,10K+,1,api-management;data-science;databases-and-storage
onlyoffice/damengdb,1.6K,0,databases-and-storage
syntioinc/dataphos-schema-registry-compatibility,1.5K,0,api-management;databases-and-storage;integration-and-delivery
antrea/theia-zookeeper,10K+,0,databases-and-storage;monitoring-and-observability
syntioinc/dataphos-schema-registry-initdb,1.5K,0,databases-and-storage;integration-and-delivery;security
edfialliance/ed-fi-kafka-connect,10K+,0,databases-and-storage
redislabs/redis-connect-oracle,1.5K,1,databases-and-storage;integration-and-delivery
syntioinc/dataphos-schema-registry-validity,1.5K,0,data-science;databases-and-storage;integration-and-delivery
atlassian/proforma-postgres-testdata,1.5K,0,databases-and-storage;integration-and-delivery
islandora/demo,10K+,0,content-management-system;databases-and-storage
adminneoorg/adminneo,10K+,3,databases-and-storage
redislabs/redis-connect-db2,1.4K,0,databases-and-storage;integration-and-delivery
redislabs/redis-connect-mysql,1.4K,0,databases-and-storage;integration-and-delivery;internet-of-things
drupalci/pgsql-10.12,10K+,0,content-management-system;databases-and-storage;integration-and-delivery
redislabs/redis-connect-gemfire,1.3K,0,databases-and-storage;integration-and-delivery;monitoring-and-observability
corpusops/postgresql,10K+,0,databases-and-storage;monitoring-and-observability;security
zfnd/zebra,10K+,7,databases-and-storage;networking;security
linuxserver/series-troxide,10K+,0,content-management-system;databases-and-storage
siscc/dotstatsuite-devops-db-config,10K+,0,data-science;databases-and-storage;security
redislabs/redis-connect-cassandra,1.3K,0,databases-and-storage;integration-and-delivery
gchq/accumulo,10K+,1,databases-and-storage;internet-of-things;security
datajoint/djbase,10K+,0,data-science;databases-and-storage;languages-and-frameworks
librespace/satnogs-db,10K+,0,data-science;databases-and-storage;internet-of-things
flrnnc/seafile-client,10K+,4,databases-and-storage
docker/cruise-example-database,1.2K,0,databases-and-storage;integration-and-delivery
vulhub/neo4j,10K+,0,databases-and-storage;security
gomods/athens-dev,10K+,0,databases-and-storage;languages-and-frameworks;integration-and-delivery
crossplane/stack-azure,10K+,2,databases-and-storage;integration-and-delivery;machine-learning-and-ai
voltactivedata/volt-developer-edition,1.1K,3,databases-and-storage;message-queues
ilios/opensearch,10K+,0,data-science;databases-and-storage;security
dqsq2e2/ting-reader,10K+,2,content-management-system;databases-and-storage;web-servers
redislabs/ru101-lab,1.1K,0,databases-and-storage
vulhub/influxdb,10K+,0,databases-and-storage;security
vulhub/adminer,10K+,0,databases-and-storage;security
camunda/zeebe-operator,1.0K,0,databases-and-storage;integration-and-delivery;monitoring-and-observability
specterops/ace-sql,1.0K,2,databases-and-storage;security
redislabs/redis-playground,1.0K,0,databases-and-storage;languages-and-frameworks
redislabs/healthcheck,989,0,databases-and-storage;monitoring-and-observability
rucio/rucio-fs,9.8K,0,data-science;databases-and-storage;integration-and-delivery
redislabs/grafana,980,0,databases-and-storage;monitoring-and-observability;security
openwhisk/cache-invalidator-cosmosdb,9.7K,0,databases-and-storage;integration-and-delivery
zophproject/zoph,8.9K,1,content-management-system;databases-and-storage;web-servers
k8ssandra/cass-operator-index,917,0,databases-and-storage;integration-and-delivery;monitoring-and-observability
envirodgi/db-status-update-job,8.9K,0,databases-and-storage;integration-and-delivery;monitoring-and-observability
redislabs/mp-vault,910,1,databases-and-storage;integration-and-delivery;security
portainer/volume-browser,880,4,databases-and-storage;integration-and-delivery;security
redislabs/redis-bionic,877,0,databases-and-storage;message-queues;security
datajoint/miniconda3,8.1K,2,data-science;databases-and-storage;languages-and-frameworks
voxpupuli/container-puppetdb,8.0K,0,databases-and-storage;integration-and-delivery;monitoring-and-observability
ontoportal/solr-ut,7.9K,0,data-science;databases-and-storage;integration-and-delivery
apache/ranger-db,7.6K,0,databases-and-storage;security
apache/ambari-logsearch-portal,7.5K,0,databases-and-storage;monitoring-and-observability;security
drupalci/pgsql-9.5,7.4K,0,content-management-system;databases-and-storage;integration-and-delivery
opendatacube/alos-cogger,7.3K,0,data-science;databases-and-storage
oydeu/oyd-pia2,7.0K,0,api-management;databases-and-storage;security
datajoint/djtest,7.0K,0,data-science;databases-and-storage;integration-and-delivery
elestio/chartbrew,757,3,data-science;databases-and-storage;web-analytics
ravendb/ravendb-operator,737,0,databases-and-storage;integration-and-delivery;developer-tools
vulhub/mongo-express,6.7K,0,databases-and-storage;security;web-servers
siscc/dotstatsuite-url-shortener,6.5K,0,data-science;databases-and-storage;web-servers
gchq/gaffer-road-traffic-loader,6.2K,0,data-science;databases-and-storage;integration-and-delivery
erddap/erddap,6.2K,2,data-science;databases-and-storage;web-servers
redislabs/redisstatemachine,689,0,databases-and-storage;integration-and-delivery;internet-of-things
librespace/borgmatic,6.0K,0,databases-and-storage;security
corpusops/slapd,5.7K,0,databases-and-storage;networking;security
geokrety/basex-amqp-sync,5.6K,0,databases-and-storage;integration-and-delivery;message-queues
corpusops/opensearch,5.5K,0,databases-and-storage;monitoring-and-observability;security
openmrs/ocl-client,5.5K,0,databases-and-storage;integration-and-delivery;security
apache/cassandra-almalinux-build,5.3K,0,databases-and-storage;integration-and-delivery;operating-systems
dockette/dbdump,5.3K,0,databases-and-storage;integration-and-delivery
starlingx/stx-ceph-config-helper,5.1K,0,databases-and-storage;monitoring-and-observability;security
rucio/jupyterlab,4.9K,1,data-science;databases-and-storage;integration-and-delivery
k8ssandra/around-the-world,578,0,databases-and-storage;integration-and-delivery;monitoring-and-observability
istio/flexvolumedriver,4.6K,0,databases-and-storage;integration-and-delivery;security
geokrety/website-legacy-base,4.5K,0,databases-and-storage;languages-and-frameworks;web-servers
apache/cassandra-centos7-build,4.4K,0,databases-and-storage;integration-and-delivery;operating-systems
mediagis/osmtools,4.4K,3,data-science;databases-and-storage
hugegraph/loader,4.4K,0,data-science;databases-and-storage
wrensecurity/wrends,4.3K,3,databases-and-storage;security
gatewaydio/gatewayd,4.3K,2,databases-and-storage;networking;developer-tools
mgibio/gdc-client,4.1K,0,data-science;databases-and-storage;security
parrotsec/sqlmap,4.0K,2,databases-and-storage;networking;security
dockette/devstack,3.8K,6,databases-and-storage;languages-and-frameworks;web-servers
syntioinc/dataphos-persistor-core,475,0,databases-and-storage;integration-and-delivery;internet-of-things
eclipse/hadoop-dev,3.6K,0,data-science;databases-and-storage;languages-and-frameworks
syntioinc/dataphos-persistor-indexer,461,0,data-science;databases-and-storage;internet-of-things
syntioinc/dataphos-persistor-indexer-api,450,0,api-management;databases-and-storage;internet-of-things
datajoint/pharus,3.4K,0,api-management;data-science;databases-and-storage
datajoint/datajoint,3.4K,2,data-science;databases-and-storage;languages-and-frameworks
apache/metamodel-membrane,3.4K,3,api-management;databases-and-storage;integration-and-delivery
semapps/jena-fuseki-webacl,3.3K,2,databases-and-storage;integration-and-delivery;security
datajoint/djlab,3.3K,0,data-science;databases-and-storage;languages-and-frameworks
specterops/vtproxy-sql,434,0,api-management;databases-and-storage;security
itzg/mongo-backups,3.3K,2,databases-and-storage;security
syntioinc/dataphos-persistor-resubmitter,428,0,databases-and-storage;integration-and-delivery;message-queues
datacontract/editor,3.2K,0,data-science;databases-and-storage;developer-tools
crossplane/stack-rook,3.2K,1,databases-and-storage;integration-and-delivery;message-queues
corpusops/minio-k8s-operator,3.1K,0,databases-and-storage;integration-and-delivery
apache/cassandra-testing-ubuntu1910-java11-w-dependencies,3.1K,0,databases-and-storage;languages-and-frameworks;integration-and-delivery
openmrs/cron-backup,3.1K,0,databases-and-storage;monitoring-and-observability;security
redislabs/rcp-gcloud,407,0,databases-and-storage;integration-and-delivery;monitoring-and-observability
islasgeci/misctools,3.0K,0,data-science;databases-and-storage;languages-and-frameworks
apache/cassandra-testing-ubuntu1910-java11,2.9K,0,databases-and-storage;integration-and-delivery
localstack/localstack-s3-test,386,0,databases-and-storage;integration-and-delivery
waltplatform/walt_metadata,2.8K,0,api-management;content-management-system;databases-and-storage
kitdm/collection-api,2.8K,0,api-management;content-management-system;databases-and-storage
geokrety/cron-legacy,2.7K,0,databases-and-storage;integration-and-delivery;monitoring-and-observability
apache/shardingsphere-ui,2.7K,3,databases-and-storage;integration-and-delivery;monitoring-and-observability
oydeu/cp-private,2.6K,0,databases-and-storage;integration-and-delivery
drupalci/pgsql-12.1,2.6K,0,content-management-system;databases-and-storage;integration-and-delivery
nasqueron/mysql,2.5K,1,databases-and-storage;integration-and-delivery;security
openmrs/atlas,2.4K,0,databases-and-storage;web-analytics
unfoldingword/inventoryst,2.4K,0,api-management;databases-and-storage;security
openmrs/addonindex,2.3K,1,content-management-system;databases-and-storage;integration-and-delivery
abesesr/bacon-cache-warmer,2.3K,0,databases-and-storage;integration-and-delivery;monitoring-and-observability
vitess/mysql,2.2K,1,databases-and-storage;integration-and-delivery;security
apache/iotdb-web-workbench,2.2K,0,data-science;databases-and-storage;internet-of-things
esdlmapeditoressim/esdl-drive,2.2K,0,api-management;data-science;databases-and-storage
siscc/mssql-with-init,2.1K,1,databases-and-storage;integration-and-delivery
apache/incubator-crail-rdma,2.0K,0,databases-and-storage;networking
jhipster/jhipster-sample-app-elasticsearch,2.0K,2,databases-and-storage;languages-and-frameworks;web-analytics
dtcenter/nwp-container-metviewer,2.0K,0,data-science;databases-and-storage;monitoring-and-observability
apache/shardingsphere-operator,2.0K,0,databases-and-storage;integration-and-delivery;monitoring-and-observability
secoresearch/swift-backup,1.9K,0,databases-and-storage;monitoring-and-observability;security
nlnetlabs/rotonda,1.9K,0,databases-and-storage;monitoring-and-observability;networking
kitdm/indexing-service,1.9K,0,content-management-system;databases-and-storage;web-analytics
eucm/rage-gamestorage-server,1.9K,1,api-management;databases-and-storage;integration-and-delivery
eclipse/ruby_rails,1.9K,0,databases-and-storage;languages-and-frameworks;integration-and-delivery
apache/kvrocks-controller,1.8K,0,databases-and-storage;monitoring-and-observability
openeuler/redis,1.8K,0,databases-and-storage
jhipster/jhipster-sample-app-mongodb,1.8K,1,databases-and-storage;languages-and-frameworks;security
jhipster/jhipster-sample-app-cassandra,1.8K,1,databases-and-storage;languages-and-frameworks;monitoring-and-observability
esdlmapeditoressim/cdo-server,1.8K,0,data-science;databases-and-storage
semoss/xcache,1.8K,0,api-management;databases-and-storage;integration-and-delivery
corpusops/minio-doctor,1.7K,0,databases-and-storage;integration-and-delivery;monitoring-and-observability
itzg/elasticsearch-marvel,1.7K,2,data-science;databases-and-storage;monitoring-and-observability
drupalci/pgsql-13.5,1.7K,0,content-management-system;databases-and-storage;integration-and-delivery
apache/ambari-infra-solr,1.6K,0,data-science;databases-and-storage;monitoring-and-observability
nicxx2/homeflow-task-manager,1.6K,0,databases-and-storage;machine-learning-and-ai;developer-tools
kitdm/base-repo,1.6K,0,content-management-system;databases-and-storage;security
eucm/openlrs,1.5K,1,api-management;databases-and-storage;security
islasgeci/queries,1.5K,0,data-science;databases-and-storage;machine-learning-and-ai
gospatial/atlante,1.5K,0,data-science;databases-and-storage;integration-and-delivery
unfoldingword/data-tracking-importer,1.5K,0,databases-and-storage;integration-and-delivery;monitoring-and-observability
pg2es/search-replica,1.4K,1,databases-and-storage;integration-and-delivery
oydeu/sm-private,1.4K,0,databases-and-storage;integration-and-delivery
ensemblorg/mysql4mirror,1.4K,0,data-science;databases-and-storage
pathwaycommons/rethinkdb-backup,1.4K,0,databases-and-storage;monitoring-and-observability;security
gchq/gaffer-operation-runner,1.4K,0,data-science;databases-and-storage
edirom/hoftheater-website,1.4K,0,databases-and-storage;security;web-servers
specifyconsortium/webportal-service,1.4K,0,content-management-system;databases-and-storage;web-servers
drupalci/mariadb-10.2.7,1.3K,0,content-management-system;databases-and-storage;integration-and-delivery
longhornio/github-bot,1.3K,0,databases-and-storage
oydeu/dc-decida,1.3K,0,data-science;databases-and-storage;integration-and-delivery
apache/cassandra-jenkins-k8s,1.3K,0,databases-and-storage;integration-and-delivery;monitoring-and-observability
oydeu/dc-regapi,1.3K,0,api-management;databases-and-storage;integration-and-delivery
drupalci/db-base,1.2K,0,content-management-system;databases-and-storage;integration-and-delivery
aatf/aatf.us,1.2K,0,content-management-system;databases-and-storage;web-servers
eucm/elasticsearch,1.2K,1,databases-and-storage;machine-learning-and-ai;monitoring-and-observability
openeuler/mimir,1.2K,0,databases-and-storage
longhornio/github-runner-authorizer,1.1K,0,databases-and-storage
jagiellonian/frege-extractor,1.1K,0,data-science;databases-and-storage;languages-and-frameworks
crossplane/sample-stack,1.1K,0,databases-and-storage;integration-and-delivery
abesesr/oracle-db-backup,1.1K,0,databases-and-storage;integration-and-delivery;security
islasgeci/redeo_aves,1.0K,0,data-science;databases-and-storage;machine-learning-and-ai
photoprism/iota-shimmer-arm64,1.0K,0,databases-and-storage;internet-of-things;monitoring-and-observability
openg2p/openg2p-odoo-package,1.0K,2,databases-and-storage;integration-and-delivery;security
ohdsi/howoften,981,0,data-science;databases-and-storage
oydeu/app-report,964,0,data-science;databases-and-storage;web-analytics
manazeak/manazeak-test-env,961,0,databases-and-storage;languages-and-frameworks;integration-and-delivery
simonsobs/sisock-g3-file-scanner,922,0,data-science;databases-and-storage
gchq/stroom-stats-hbase,899,1,data-science;databases-and-storage;internet-of-things
scorespec/sample-score-app,885,0,databases-and-storage;languages-and-frameworks;developer-tools
universalregistrar/driver-did-ethr,884,0,databases-and-storage;integration-and-delivery;security
librespace/indico,863,1,content-management-system;databases-and-storage;security
librespace/satnogs-auto-scheduler,859,0,data-science;databases-and-storage
ohdsi/broadsea-spark-sql,836,0,data-science;databases-and-storage;machine-learning-and-ai
mediagis/mediagis.com,785,0,data-science;databases-and-storage;web-servers
itzg/zookeeper,773,0,databases-and-storage;integration-and-delivery;monitoring-and-observability
ensemblorg/ensembl-genomio,768,0,data-science;databases-and-storage
oydeu/app-backup,765,0,databases-and-storage;monitoring-and-observability;security
siscc/mssql-kube,760,0,databases-and-storage;integration-and-delivery
ohdsi/perseus-white-rabbit,754,0,data-science;databases-and-storage;machine-learning-and-ai
simonsobs/sisock-radiometer-server,749,0,api-management;data-science;databases-and-storage
itzg/titandb,718,1,data-science;databases-and-storage;machine-learning-and-ai
oydeu/srv-pia_write,715,0,api-management;databases-and-storage;security
librespace/partkeepr,712,0,databases-and-storage
corpusops/dbsmartbackup-legacy,708,0,databases-and-storage;integration-and-delivery
pathwaycommons/rethinkdb-docker,697,0,data-science;databases-and-storage;internet-of-things
itzg/grakn,686,2,data-science;databases-and-storage;machine-learning-and-ai
corpusops/vault,656,0,databases-and-storage;integration-and-delivery;security
corpusops/ovh-backup,639,0,databases-and-storage;monitoring-and-observability;security
simonsobs/hippo,607,0,data-science;databases-and-storage;web-servers
gfanz/ductape,593,0,data-science;databases-and-storage;integration-and-delivery
drupalci/pgsql-9.6,582,0,content-management-system;databases-and-storage;integration-and-delivery
biocontainers/galaxy-k8s-runtime,568,0,data-science;databases-and-storage;integration-and-delivery
openpolicyagent/demo-elasticsearch-opa,561,0,databases-and-storage;monitoring-and-observability;security
ohdsi/howoften_db_diagnostics,555,0,databases-and-storage;monitoring-and-observability;security
oydeu/app-relationship_armhf,554,0,databases-and-storage;internet-of-things;security
pipecraft/blast,544,0,data-science;databases-and-storage;machine-learning-and-ai
oydeu/app-answers,536,0,api-management;content-management-system;databases-and-storage
ensemblorg/ensembl-browser-db,535,0,data-science;databases-and-storage;machine-learning-and-ai
ohdsi/covid19_subjects_aesi_incidence_rate,534,0,data-science;databases-and-storage;languages-and-frameworks
ensemblorg/gsc_pipeline,529,0,data-science;databases-and-storage;machine-learning-and-ai
ckan/ckan-base-xloader,525,0,content-management-system;data-science;databases-and-storage
nasqueron/datasources,506,0,data-science;databases-and-storage;integration-and-delivery
ensemblorg/ensembl-browser-plants,488,0,data-science;databases-and-storage;web-servers
oydeu/app-relationship,482,0,content-management-system;data-science;databases-and-storage
ensemblorg/ensembl-web-libs-02,479,0,databases-and-storage;languages-and-frameworks;web-servers
ensemblorg/ensembl-browser-fungi,476,0,data-science;databases-and-storage;integration-and-delivery
ensemblorg/ensembl-browser-bacteria,474,0,api-management;data-science;databases-and-storage
clarinpl/wildfly-mysql,468,0,databases-and-storage;languages-and-frameworks;monitoring-and-observability
gospatial/import-osmborder,463,0,data-science;databases-and-storage
ensemblorg/ensembl-browser-metazoa,461,0,data-science;databases-and-storage;web-servers
gfanz/rclone,459,0,databases-and-storage
oydeu/app-allergy,456,0,data-science;databases-and-storage;security
dockette/repman,451,0,databases-and-storage;languages-and-frameworks;integration-and-delivery
oydeu/app-energy,446,0,data-science;databases-and-storage;machine-learning-and-ai
nasqueron/postgres-sentry,433,0,databases-and-storage;monitoring-and-observability;security
oydeu/app-survey-mobile,428,0,databases-and-storage;integration-and-delivery;security
ohdsi/perseus-shareddb,426,0,data-science;databases-and-storage;security
oydeu/app-webhistory,409,0,databases-and-storage;security;web-analytics
biocontainers/container-mtbls-dwnld,400,0,data-science;databases-and-storage
ohdsi/perseus-athena,397,0,content-management-system;data-science;databases-and-storage
weecology/retriever,377,0,data-science;databases-and-storage
oydeu/oyd-pia_armhf,376,0,databases-and-storage;internet-of-things;security
simonsobs/sisock,367,0,data-science;databases-and-storage
mgibio/sqitch-mysql,365,0,databases-and-storage;integration-and-delivery
pgrouting/postgres,360,0,data-science;databases-and-storage
oydeu/oyd-sam,343,0,api-management;data-science;databases-and-storage
drupalci/db-pgsql-9.1,339,0,content-management-system;databases-and-storage;integration-and-delivery
ohdsi/perseus-solr,337,0,data-science;databases-and-storage
ontoportal/agraph,324,0,data-science;databases-and-storage;machine-learning-and-ai
ohdsi/perseus-usagi,318,0,data-science;databases-and-storage
crudjt/crudjt-server,309,0,databases-and-storage;networking;web-servers
drupalci/db-mysql-5.5,302,1,content-management-system;databases-and-storage;integration-and-delivery
oydeu/oyd-pia_base,298,0,databases-and-storage;integration-and-delivery;security
ensemblorg/red,271,0,data-science;databases-and-storage;languages-and-frameworks
biocontainers/metaboliteidconverter,232,0,data-science;databases-and-storage
buildbot/metamysql,191,0,databases-and-storage;integration-and-delivery;operating-systems
drupalci/db-mysql-8,184,0,databases-and-storage;languages-and-frameworks;integration-and-delivery
drupalci/db-pgsql-9.5,184,0,databases-and-storage;integration-and-delivery;security
cpicpgx/cpic-db,183,1,data-science;databases-and-storage;integration-and-delivery
drupalci/db-mysql-5.6,181,0,content-management-system;databases-and-storage;integration-and-delivery
drupalci/db-mysql-5.7,169,0,content-management-system;databases-and-storage;integration-and-delivery
apache/gobblin,166,3,data-science;databases-and-storage;integration-and-delivery
drupalci/db-pgsql-10.12,165,0,content-management-system;databases-and-storage;integration-and-delivery
drupalci/db-pgsql-12.1,151,0,databases-and-storage;integration-and-delivery
corpusops/harbor-db,131,0,databases-and-storage;integration-and-delivery;monitoring-and-observability
corpusops/redis-photon,97,0,databases-and-storage;message-queues;operating-systems
climatemind/db,72,0,data-science;databases-and-storage;security
bitnami/postgresql,1B+,372,databases-and-storage;integration-and-delivery;security
bitnami/redis,1B+,364,databases-and-storage;message-queues;monitoring-and-observability
bitnami/mongodb,1B+,266,databases-and-storage;integration-and-delivery;internet-of-things
nutanix/test-dvp,12,0,databases-and-storage;integration-and-delivery;networking
atmoz/sftp,1B+,522,databases-and-storage;networking;security
bitnami/mariadb,500M+,208,databases-and-storage;security
cockroachdb/cockroach,100M+,164,databases-and-storage;integration-and-delivery;internet-of-things
bitnami/redis-cluster,100M+,54,databases-and-storage;message-queues;security
bitnami/mysql,100M+,148,databases-and-storage;integration-and-delivery;security
axllent/mailpit,100M+,101,databases-and-storage;networking;developer-tools
bitnami/redis-sentinel,100M+,55,databases-and-storage;message-queues;monitoring-and-observability
bitnami/redis-exporter,100M+,16,databases-and-storage;monitoring-and-observability
bitnami/etcd,100M+,203,databases-and-storage;integration-and-delivery
bitnami/memcached,100M+,36,databases-and-storage;integration-and-delivery;monitoring-and-observability
bitnami/elasticsearch,100M+,84,databases-and-storage;security;web-analytics
osixia/openldap,100M+,457,databases-and-storage;security
bitnami/phpmyadmin,50M+,49,databases-and-storage;developer-tools
thanosio/thanos,50M+,26,databases-and-storage;integration-and-delivery;monitoring-and-observability
bitnami/postgres-exporter,50M+,19,databases-and-storage;integration-and-delivery;monitoring-and-observability
bitnami/mongodb-exporter,50M+,14,databases-and-storage;monitoring-and-observability
bitnami/cassandra,50M+,52,data-science;databases-and-storage;internet-of-things
bitnami/postgresql-repmgr,50M+,26,databases-and-storage;integration-and-delivery
pgvector/pgvector,50M+,99,databases-and-storage
eventstore/eventstore,50M+,101,databases-and-storage
bitnami/minio,50M+,171,data-science;databases-and-storage;machine-learning-and-ai
dbeaver/cloudbeaver,10M+,132,databases-and-storage;web-servers
bitnami/pgpool,10M+,26,databases-and-storage;monitoring-and-observability;networking
yobasystems/alpine-mariadb,10M+,142,databases-and-storage
drakkan/sftpgo,10M+,91,databases-and-storage;networking;security
bitnami/mariadb-galera,10M+,25,databases-and-storage
getmeili/meilisearch,10M+,119,databases-and-storage
edoburu/pgbouncer,10M+,37,databases-and-storage
vastdataorg/csi,10M+,3,databases-and-storage
bitnami/openldap,10M+,156,databases-and-storage;networking;security
untergeek/curator,10M+,5,databases-and-storage;developer-tools
bitnami/thanos,10M+,12,databases-and-storage;integration-and-delivery;monitoring-and-observability
qdrant/qdrant,10M+,106,databases-and-storage;machine-learning-and-ai
prodrigestivill/postgres-backup-local,10M+,63,databases-and-storage
typesense/typesense,10M+,65,databases-and-storage;machine-learning-and-ai;developer-tools
openebs/provisioner-localpv,10M+,4,databases-and-storage;integration-and-delivery;internet-of-things
dgraph/dgraph,10M+,85,databases-and-storage
bitnami/solr,10M+,16,content-management-system;databases-and-storage;web-servers
liquibase/liquibase,10M+,62,databases-and-storage;integration-and-delivery
trinodb/trino,10M+,86,data-science;databases-and-storage;machine-learning-and-ai
bitnami/pgbouncer,10M+,22,databases-and-storage;integration-and-delivery;monitoring-and-observability
tensorchord/pgvecto-rs,10M+,17,data-science;databases-and-storage;machine-learning-and-ai
bitnami/mysqld-exporter,10M+,7,databases-and-storage;monitoring-and-observability
mailcow/solr,10M+,2,databases-and-storage;web-servers
purestorage/k8s,10M+,11,databases-and-storage;integration-and-delivery
apachegeode/geode-build,10M+,1,databases-and-storage;languages-and-frameworks;integration-and-delivery
apachepinot/pinot,10M+,10,databases-and-storage;monitoring-and-observability;web-analytics
duplicati/duplicati,10M+,141,databases-and-storage;security
vespaengine/vespa,10M+,11,data-science;databases-and-storage;machine-learning-and-ai
bitnami/neo4j,10M+,17,databases-and-storage;machine-learning-and-ai;monitoring-and-observability
gvenzl/oracle-xe,10M+,358,databases-and-storage
yugabytedb/yugabyte,10M+,30,databases-and-storage
fireflyiii/data-importer,10M+,21,databases-and-storage;integration-and-delivery;security
martin/docker-cleanup-volumes,10M+,69,databases-and-storage;integration-and-delivery;developer-tools
gasparekatapy/seaweedfs,10M+,4,databases-and-storage
openebs/m-apiserver,10M+,1,api-management;databases-and-storage;monitoring-and-observability
mayanedms/mayanedms,5M+,101,content-management-system;databases-and-storage
pravega/zookeeper-operator,5M+,2,databases-and-storage;integration-and-delivery;monitoring-and-observability
pingcap/tidb,5M+,117,databases-and-storage
bitnami/influxdb,5M+,15,databases-and-storage;internet-of-things;monitoring-and-observability
citusdata/citus,5M+,51,databases-and-storage
bitnami/harbor-core,5M+,15,databases-and-storage;integration-and-delivery;security
sismics/docs,5M+,20,api-management;content-management-system;databases-and-storage
openebs/admission-server,5M+,1,databases-and-storage;integration-and-delivery;security
arm32v7/redis,5M+,34,databases-and-storage
wodby/mariadb,5M+,8,databases-and-storage;integration-and-delivery;security
bitnami/mongodb-sharded,5M+,12,databases-and-storage;security
amd64/mariadb,5M+,46,databases-and-storage
bitnami/harbor-registry,5M+,28,databases-and-storage;integration-and-delivery;security
bitnami/harbor-registryctl,5M+,2,databases-and-storage;integration-and-delivery;security
arm64v8/redis,5M+,46,databases-and-storage
openebs/openebs-k8s-provisioner,5M+,2,databases-and-storage;integration-and-delivery;monitoring-and-observability
mattermost/mattermost-preview,5M+,78,databases-and-storage;integration-and-delivery;web-servers
itsthenetwork/nfs-server-alpine,5M+,163,databases-and-storage
dockage/phppgadmin,5M+,22,databases-and-storage;security;web-servers
pingcap/tikv,5M+,20,databases-and-storage
gvenzl/oracle-free,5M+,86,databases-and-storage
demyx/mariadb,5M+,0,databases-and-storage
hartmutcouk/pg-repack-docker,1M+,1,databases-and-storage;developer-tools
bitnami/cassandra-exporter,1M+,0,databases-and-storage;monitoring-and-observability
axoniq/axonserver,1M+,27,databases-and-storage;integration-and-delivery;monitoring-and-observability
cockroachdb/cockroach-k8s-request-cert,1M+,0,databases-and-storage;integration-and-delivery;security
saspus/duplicacy-web,1M+,28,databases-and-storage
arm64v8/mongo,1M+,37,databases-and-storage
neo4j/helm-charts-backup,1M+,0,data-science;databases-and-storage
erikdevries/spotweb,1M+,18,databases-and-storage;languages-and-frameworks;web-servers
openebs/snapshot-controller,1M+,2,databases-and-storage;integration-and-delivery;monitoring-and-observability
bitnami/clickhouse,1M+,54,data-science;databases-and-storage;internet-of-things
openebs/snapshot-provisioner,1M+,0,databases-and-storage;integration-and-delivery
openebs/jiva,1M+,9,databases-and-storage;integration-and-delivery;monitoring-and-observability
d3fk/s3cmd,1M+,17,databases-and-storage;developer-tools
bitnami/rclone,1M+,26,databases-and-storage;integration-and-delivery;security
tinkerpop/gremlin-server,1M+,26,data-science;databases-and-storage
valeriansaliou/sonic,1M+,16,databases-and-storage
s390x/mongo,1M+,1,databases-and-storage
arigaio/atlas,1M+,9,databases-and-storage;integration-and-delivery;monitoring-and-observability
bruceforce/vaultwarden-backup,1M+,28,databases-and-storage;security
wodby/redis,1M+,2,databases-and-storage;message-queues;security
manticoresearch/manticore,1M+,39,databases-and-storage
elkozmon/zoonavigator,1M+,19,databases-and-storage;monitoring-and-observability;developer-tools
sqitch/sqitch,1M+,10,databases-and-storage;integration-and-delivery;developer-tools
bitnami/minio-client,1M+,11,databases-and-storage;integration-and-delivery;security
stonith404/pingvin-share,1M+,25,databases-and-storage
questdb/questdb,1M+,34,databases-and-storage;developer-tools
arm64v8/postgres,1M+,28,databases-and-storage
distribution/distribution,1M+,8,databases-and-storage;integration-and-delivery;developer-tools
ampache/ampache,1M+,63,content-management-system;databases-and-storage;web-servers
d3fk/nfs-client,1M+,23,databases-and-storage;networking;developer-tools
wernight/duplicity,1M+,18,databases-and-storage
jlsalvador/postgres,1M+,0,databases-and-storage
zilliz/attu,1M+,16,databases-and-storage;developer-tools
arm32v7/postgres,1M+,34,databases-and-storage
offen/docker-volume-backup,1M+,42,databases-and-storage;developer-tools
gesellix/couchdb-prometheus-exporter,1M+,1,databases-and-storage
wodby/adminer,1M+,2,databases-and-storage;security
softinstigate/restheart,1M+,17,api-management;databases-and-storage;developer-tools
espocrm/espocrm,1M+,34,api-management;content-management-system;databases-and-storage
arm64v8/mariadb,1M+,36,databases-and-storage
openebs/cstor-pool,1M+,1,databases-and-storage;integration-and-delivery;monitoring-and-observability
bitnami/grafana-loki,1M+,1,databases-and-storage;integration-and-delivery;monitoring-and-observability
severalnines/clustercontrol,1M+,34,databases-and-storage
amd64/mysql,1M+,19,databases-and-storage
amd64/mongo,1M+,0,databases-and-storage
dbgate/dbgate,1M+,30,databases-and-storage;developer-tools
bitnami/valkey,1M+,4,databases-and-storage;message-queues;monitoring-and-observability
landoop/fast-data-dev,1M+,131,databases-and-storage;message-queues;developer-tools
openlistteam/openlist,1M+,108,databases-and-storage
openebs/cstor-istgt,1M+,1,databases-and-storage;integration-and-delivery;networking
distribution/registry,1M+,57,databases-and-storage;integration-and-delivery;security
bitnami/valkey-cluster,1M+,0,databases-and-storage;message-queues;monitoring-and-observability
openlink/virtuoso-opensource-7,1M+,13,databases-and-storage
vishnunair/docker-redis-cluster,1M+,4,databases-and-storage
macbre/sphinxsearch,1M+,20,databases-and-storage
openebs/cstor-pool-mgmt,1M+,0,databases-and-storage;integration-and-delivery;monitoring-and-observability
tobi312/rpi-mariadb,1M+,16,databases-and-storage
amd64/neo4j,1M+,0,databases-and-storage
hbontempo/postgres-hll,1M+,0,databases-and-storage
garethflowers/ftp-server,1M+,23,databases-and-storage;networking;web-servers
starrocks/fe-ubuntu,1M+,7,databases-and-storage
d3fk/mysql-s3-backup,1M+,13,api-management;databases-and-storage;developer-tools
dgraph/standalone,1M+,15,databases-and-storage
wodby/solr,1M+,3,content-management-system;databases-and-storage
openebs/cstor-volume-mgmt,1M+,0,databases-and-storage;integration-and-delivery;monitoring-and-observability
arm64v8/mysql,1M+,81,databases-and-storage
burningalchemist/sql_exporter,1M+,6,databases-and-storage;monitoring-and-observability;developer-tools
scylladb/scylla-enterprise,1M+,0,databases-and-storage
janusgraph/janusgraph,1M+,21,data-science;databases-and-storage;machine-learning-and-ai
cockroachdb/builder,1M+,2,databases-and-storage;languages-and-frameworks;integration-and-delivery
starrocks/operator,1M+,3,databases-and-storage
paradedb/paradedb,1M+,18,databases-and-storage
pinpointdocker/pinpoint-hbase,1M+,5,databases-and-storage;monitoring-and-observability
amd64/redis,500K+,4,databases-and-storage
bitnami/couchdb,500K+,5,databases-and-storage
btcpayserver/bitcoin,500K+,9,databases-and-storage;integration-and-delivery;security
rqlite/rqlite,500K+,15,databases-and-storage
foxel/seafile,500K+,15,databases-and-storage;web-servers
kodcloud/kodbox,500K+,125,content-management-system;databases-and-storage;web-servers
mattermost/mattermost-operator,500K+,2,databases-and-storage;integration-and-delivery;monitoring-and-observability
amd64/elasticsearch,500K+,3,databases-and-storage
electricsql/electric,500K+,9,databases-and-storage;integration-and-delivery
gilleslamiral/imapsync,500K+,82,databases-and-storage;networking;web-servers
tarantool/tarantool,500K+,47,databases-and-storage
enmotech/opengauss,500K+,47,databases-and-storage
amd64/postgres,500K+,3,databases-and-storage
kafbat/kafka-ui,500K+,10,databases-and-storage;message-queues;monitoring-and-observability
greenbone/redis-server,500K+,1,databases-and-storage;security
wodby/memcached,500K+,1,databases-and-storage;integration-and-delivery;security
openebs/mayastor-csi-node,500K+,0,databases-and-storage;integration-and-delivery;operating-systems
hiett/serverless-redis-http,500K+,0,databases-and-storage
openebs/mayastor-agent-ha-node,500K+,0,databases-and-storage;integration-and-delivery;monitoring-and-observability
arm32v7/influxdb,500K+,29,data-science;databases-and-storage;internet-of-things
openebs/mayastor-io-engine,500K+,1,databases-and-storage;integration-and-delivery
winamd64/mongo,500K+,1,databases-and-storage
openmicroscopy/apacheds,500K+,41,databases-and-storage;networking;security
jbtronics/part-db1,500K+,7,databases-and-storage;web-servers
supervisions/itop,500K+,12,databases-and-storage;integration-and-delivery;monitoring-and-observability
starrocks/be-ubuntu,500K+,6,databases-and-storage
patrikx3/p3x-redis-ui,500K+,10,databases-and-storage;monitoring-and-observability;developer-tools
privatebin/pdo,500K+,1,databases-and-storage;security;web-servers
memgraph/memgraph,500K+,15,databases-and-storage
openebs/node-disk-manager-amd64,500K+,1,databases-and-storage;integration-and-delivery;monitoring-and-observability
i386/redis,500K+,0,databases-and-storage
dbeaver/cloudbeaver-ee,500K+,6,databases-and-storage;web-servers
ontotext/graphdb,500K+,34,data-science;databases-and-storage
cwrc/cwrc-gitserver,500K+,0,content-management-system;databases-and-storage;integration-and-delivery
cars10/elasticvue,500K+,5,api-management;databases-and-storage;developer-tools
cockroachdb/postgres-test,500K+,0,databases-and-storage;integration-and-delivery
marian/rebrow,500K+,12,databases-and-storage
amd64/solr,500K+,0,databases-and-storage
oceanbase/oceanbase-ce,500K+,35,databases-and-storage
buluma/docker-molecule-images,500K+,1,databases-and-storage;integration-and-delivery;developer-tools
xylplm/media-saber,500K+,24,content-management-system;databases-and-storage;web-analytics
infraatct/postgis,500K+,0,databases-and-storage
dgraziotin/nginx-webdav-nononsense,500K+,22,databases-and-storage;integration-and-delivery;web-servers
rocketadmin/rocketadmin,500K+,1,content-management-system;databases-and-storage
joseluisq/mysql-client,500K+,3,databases-and-storage;developer-tools
makeplane/plane-frontend,500K+,4,databases-and-storage;developer-tools
droidwiki/restbase,500K+,0,api-management;content-management-system;databases-and-storage
dhis2/core-dev,500K+,2,databases-and-storage;languages-and-frameworks
fraunhoferiosb/frost-server-http,500K+,0,api-management;databases-and-storage;internet-of-things
restatedev/restate,100K+,5,databases-and-storage;message-queues;developer-tools
amd64/influxdb,100K+,0,data-science;databases-and-storage;internet-of-things
koillection/koillection,100K+,9,content-management-system;databases-and-storage;web-servers
ferro/backupsystem,100K+,3,databases-and-storage
breuner/elbencho,100K+,2,databases-and-storage;machine-learning-and-ai;networking
s390x/redis,100K+,0,databases-and-storage
